Loan_Amount_Term,Credit_History,LoanAmount_log,TotalIncome_log,Gender_Female,Gender_Male,Married_No,Married_Yes,Dependents_0,Dependents_1,Dependents_2,Dependents_3+,Education_Graduate,Education_Not Graduate,Self_Employed_No,Self_Employed_Yes,Property_Area_Rural,Property_Area_Semiurban,Property_Area_Urban,Loan_Status
360.0,1.0,4.700480365792417,8.651724084373843,0,1,0,1,1,0,0,0,1,0,1,0,0,0,1,Y
360.0,1.0,4.836281906951478,8.428580533059634,0,1,0,1,0,1,0,0,1,0,1,0,0,0,1,Y
360.0,1.0,5.337538079701318,8.824677891164198,0,1,0,1,0,0,1,0,1,0,1,0,0,0,1,Y
360.0,1.0,4.605170185988092,8.494129251817686,0,1,0,1,0,0,1,0,1,0,1,0,0,0,1,Y
360.0,1.0,4.356708826689592,8.09437844497296,0,1,1,0,1,0,0,0,0,1,1,0,0,0,1,Y
360.0,1.0,5.0238805208462765,8.628197749459149,0,1,0,1,1,0,0,0,0,1,0,1,0,0,1,Y
360.0,1.0,4.07753744390572,7.70796153183549,1,0,1,0,0,1,0,0,0,1,1,0,0,1,0,Y
360.0,0.0,4.990432586778736,8.263848131368906,0,1,0,1,0,0,1,0,0,1,1,0,1,0,0,N
240.0,1.0,5.634789603169249,9.520248603186129,0,1,0,1,0,0,1,0,1,0,1,0,0,0,1,Y
360.0,1.0,4.812184355372417,8.476371196895983,0,1,1,0,1,0,0,0,0,1,1,0,0,1,0,Y
360.0,1.0,4.499809670330265,8.036249942132116,0,1,1,0,1,0,0,0,0,1,1,0,0,0,1,Y
360.0,1.0,5.087596335232384,8.216358332386156,0,1,0,1,0,1,0,0,1,0,1,0,0,1,0,Y
180.0,1.0,3.6888794541139363,8.334711621820917,0,1,1,0,0,0,0,1,1,0,1,0,0,0,1,Y
360.0,0.0,5.111987788356544,9.406975663409597,0,1,0,1,0,0,1,0,1,0,1,0,0,1,0,N
360.0,1.0,4.820281565605037,8.448057452581375,1,0,1,0,1,0,0,0,1,0,1,0,0,1,0,Y
360.0,1.0,4.875197323201151,8.64241515616962,0,1,1,0,0,1,0,0,1,0,1,0,0,0,1,Y
360.0,1.0,5.298317366548036,8.92252495730139,0,1,0,1,0,0,1,0,1,0,1,0,0,0,1,Y
360.0,1.0,4.836281906951478,8.323365694436081,0,1,0,1,0,0,0,1,1,0,1,0,0,1,0,Y
360.0,1.0,5.703782474656201,9.749286871458828,0,1,0,1,1,0,0,0,1,0,1,0,0,0,1,Y
180.0,1.0,4.605170185988092,8.470101583882387,0,1,1,0,1,0,0,0,1,0,1,0,0,1,0,Y
360.0,1.0,3.871201010907891,8.162801353492073,0,1,0,1,0,1,0,0,0,1,1,0,0,0,1,Y
180.0,1.0,3.332204510175204,7.641564441260972,1,0,1,0,0,0,0,1,0,1,1,0,0,0,1,Y
360.0,1.0,4.61512051684126,8.271036865792954,0,1,1,0,1,0,0,0,1,0,1,0,0,0,1,Y
360.0,1.0,4.8283137373023015,8.233503140233994,1,0,1,0,1,0,0,0,0,1,1,0,0,0,1,Y
360.0,1.0,5.66988092298052,9.188094763028863,0,1,0,1,1,0,0,0,1,0,1,0,0,0,1,Y
360.0,0.0,4.997212273764115,10.085809109330082,0,1,1,0,1,0,0,0,1,0,1,0,1,0,0,N
360.0,1.0,4.941642422609304,8.6328406149422,0,1,0,1,0,0,1,0,1,0,1,0,0,0,1,Y
360.0,1.0,5.616771097666572,9.328123407632566,0,1,0,1,1,0,0,0,1,0,1,0,0,0,1,Y
360.0,1.0,4.04305126783455,8.434897948689407,0,1,0,1,1,0,0,0,1,0,1,0,0,1,0,Y
180.0,1.0,4.8283137373023015,8.579980179515003,0,1,1,0,1,0,0,0,1,0,1,0,0,0,1,Y
360.0,1.0,4.31748811353631,7.815207062189088,1,0,1,0,1,0,0,0,0,1,1,0,0,1,0,Y
360.0,1.0,5.2574953720277815,8.863615758890619,0,1,0,1,0,0,1,0,1,0,1,0,0,0,1,Y
360.0,1.0,5.0238805208462765,8.507344855361422,0,1,1,0,1,0,0,0,1,0,1,0,0,1,0,Y
360.0,1.0,5.062595033026967,8.610865667278873,0,1,0,1,1,0,0,0,1,0,1,0,0,0,1,Y
360.0,1.0,4.61512051684126,8.361941906144946,0,1,0,1,1,0,0,0,1,0,1,0,0,0,1,Y
360.0,0.0,5.170483995038151,8.055157731819678,0,1,1,0,1,0,0,0,1,0,1,0,0,1,0,N
180.0,1.0,5.220355825078324,9.339524830357009,0,1,0,1,0,0,1,0,1,0,1,0,0,0,1,Y
360.0,1.0,4.499809670330265,8.528924114291936,0,1,0,1,1,0,0,0,1,0,0,1,0,0,1,Y
360.0,1.0,4.7535901911063645,8.671286726753637,0,1,1,0,1,0,0,0,1,0,0,1,0,0,1,Y
360.0,1.0,4.927253685157205,8.631592731724734,0,1,1,0,1,0,0,0,1,0,1,0,0,0,1,Y
360.0,1.0,4.605170185988092,8.77137018531062,0,1,0,1,1,0,0,0,1,0,1,0,0,0,1,Y
360.0,1.0,4.700480365792417,8.200837258379849,1,0,1,0,1,0,0,0,1,0,1,0,0,0,1,Y
360.0,1.0,4.499809670330265,8.235890725928495,0,1,0,1,1,0,0,0,0,1,1,0,0,1,0,Y
360.0,1.0,5.298317366548036,9.116029692504942,0,1,1,0,1,0,0,0,1,0,1,0,0,1,0,Y
360.0,1.0,4.430816798843313,8.20685642839965,1,0,1,0,1,0,0,0,1,0,1,0,0,0,1,Y
360.0,1.0,5.220355825078324,9.006999447958153,0,1,0,1,1,0,0,0,1,0,1,0,0,0,1,Y
360.0,1.0,5.087596335232384,8.637284671674058,0,1,0,1,1,0,0,0,0,1,1,0,0,0,1,Y
360.0,1.0,4.68213122712422,8.356554845453426,0,1,1,0,1,0,0,0,0,1,1,0,0,1,0,Y
360.0,1.0,5.231108616854587,9.22325659724273,0,1,1,0,1,0,0,0,1,0,1,0,0,0,1,Y
360.0,1.0,5.231108616854587,9.017968479328726,0,1,0,1,0,0,0,1,0,1,0,1,0,1,0,Y
360.0,1.0,4.820281565605037,8.325063693631197,0,1,0,1,0,1,0,0,1,0,1,0,0,0,1,Y
360.0,1.0,4.787491742782046,8.374015421739909,0,1,0,1,0,0,0,1,0,1,1,0,0,1,0,Y
360.0,1.0,5.075173815233827,8.79133399330135,0,1,0,1,0,1,0,0,1,0,1,0,0,1,0,Y
180.0,1.0,3.4011973816621555,8.540128162698734,0,1,0,1,0,0,1,0,1,0,1,0,0,0,1,Y
360.0,1.0,4.5217885770490405,8.574140471857987,0,1,0,1,1,0,0,0,0,1,0,1,0,0,1,Y
360.0,0.0,4.867534450455582,7.919356190660617,0,1,1,0,1,0,0,0,1,0,1,0,0,0,1,N
360.0,1.0,4.867534450455582,8.389814262086407,1,0,1,0,1,0,0,0,0,1,1,0,1,0,0,Y
180.0,1.0,4.897839799950911,8.87514731685335,0,1,0,1,0,0,1,0,1,0,1,0,0,1,0,Y
360.0,0.0,5.170483995038151,8.770749549138642,1,0,0,1,0,0,1,0,1,0,1,0,0,1,0,N
180.0,1.0,4.499809670330265,8.459564078579602,0,1,0,1,0,0,0,1,1,0,1,0,0,1,0,Y
360.0,1.0,4.700480365792417,8.327484416188264,0,1,0,1,1,0,0,0,0,1,1,0,0,1,0,Y
360.0,1.0,4.8283137373023015,8.896724917497897,0,1,0,1,1,0,0,0,1,0,0,1,0,0,1,Y
360.0,1.0,5.241747015059643,8.510772623613315,1,0,1,0,0,0,1,0,1,0,1,0,0,1,0,Y
360.0,0.0,4.68213122712422,8.188966863648876,1,0,1,0,1,0,0,0,1,0,1,0,1,0,0,N
360.0,1.0,4.8283137373023015,8.4096079807363,0,1,0,1,0,0,0,1,0,1,1,0,0,0,1,Y
360.0,1.0,4.927253685157205,8.779557455883728,0,1,0,1,1,0,0,0,1,0,1,0,0,1,0,Y
360.0,0.0,4.90527477843843,8.45531778769815,0,1,0,1,1,0,0,0,0,1,1,0,0,1,0,N
360.0,0.0,4.867534450455582,8.144679183447758,0,1,0,1,1,0,0,0,1,0,1,0,0,1,0,N
360.0,1.0,5.231108616854587,8.9445502459405,0,1,0,1,1,0,0,0,1,0,1,0,0,1,0,Y
360.0,0.0,5.236441962829949,8.93102321585603,0,1,0,1,1,0,0,0,1,0,1,0,1,0,0,N
360.0,1.0,4.553876891600541,8.086410275323782,1,0,1,0,1,0,0,0,1,0,1,0,0,1,0,Y
360.0,1.0,4.174387269895637,8.40357646462927,0,1,1,0,1,0,0,0,1,0,1,0,0,1,0,Y
60.0,1.0,4.9344739331306915,8.675563527387679,0,1,0,1,0,1,0,0,1,0,1,0,0,0,1,Y
360.0,1.0,5.44673737166631,8.69851424787661,0,1,0,1,1,0,0,0,1,0,0,1,1,0,0,Y
360.0,1.0,4.969813299576001,9.027978814382207,0,1,0,1,1,0,0,0,0,1,1,0,0,1,0,Y
360.0,1.0,5.043425116919247,8.85623355614316,0,1,1,0,1,0,0,0,1,0,1,0,0,0,1,Y
360.0,1.0,5.225746673713202,8.622633703874234,0,1,0,1,1,0,0,0,1,0,1,0,0,0,1,Y
360.0,1.0,3.912023005428146,8.757154527656606,0,1,1,0,1,0,0,0,1,0,0,1,1,0,0,Y
360.0,1.0,4.91362938638163,8.91811465947453,0,1,0,1,0,1,0,0,1,0,1,0,0,1,0,Y
360.0,1.0,5.220355825078324,8.980927207648378,1,0,0,1,1,0,0,0,1,0,1,0,0,0,1,Y
360.0,0.0,5.093750200806762,8.503499864284235,0,1,0,1,0,0,0,1,1,0,1,0,0,0,1,N
360.0,1.0,5.886104031450156,11.191741760864094,0,1,0,1,0,0,0,1,1,0,1,0,0,0,1,Y
480.0,0.0,5.003946305945459,8.327484416188264,0,1,0,1,0,0,1,0,0,1,1,0,1,0,0,N
360.0,1.0,5.54907608489522,9.041803370152845,0,1,0,1,1,0,0,0,1,0,1,0,1,0,0,Y
180.0,0.0,4.875197323201151,8.40200678160712,0,1,0,1,1,0,0,0,1,0,1,0,0,1,0,N
180.0,1.0,4.624972813284271,9.444226019822295,0,1,0,1,0,0,1,0,1,0,1,0,1,0,0,Y
360.0,1.0,4.90527477843843,8.610319169405722,0,1,0,1,1,0,0,0,1,0,1,0,0,0,1,Y
360.0,1.0,4.553876891600541,8.028129059431759,0,1,1,0,1,0,0,0,1,0,1,0,0,1,0,Y
360.0,1.0,4.343805421853684,8.565983355585669,0,1,1,0,0,0,1,0,0,1,1,0,0,1,0,Y
360.0,1.0,5.298317366548036,8.52872642722991,1,0,1,0,1,0,0,0,1,0,1,0,1,0,0,Y
360.0,1.0,4.867534450455582,8.607764889600624,0,1,0,1,1,0,0,0,1,0,0,1,1,0,0,Y
360.0,1.0,5.966146739123692,9.511777409660299,0,1,0,1,0,0,0,1,1,0,1,0,1,0,0,Y
360.0,1.0,5.220355825078324,8.834045641167798,0,1,0,1,0,1,0,0,1,0,1,0,0,1,0,Y
360.0,1.0,4.605170185988092,8.765926513729443,0,1,0,1,0,0,1,0,0,1,1,0,0,1,0,Y
360.0,0.0,4.812184355372417,8.845345196421732,0,1,0,1,0,1,0,0,1,0,1,0,0,1,0,N
360.0,1.0,4.700480365792417,8.741935464094144,1,0,0,1,0,0,0,1,1,0,1,0,0,1,0,Y
360.0,1.0,5.545177444479562,8.927048647825695,0,1,0,1,0,1,0,0,1,0,1,0,0,0,1,Y
360.0,1.0,4.941642422609304,8.817297783866575,0,1,0,1,1,0,0,0,1,0,1,0,0,1,0,Y
360.0,1.0,4.110873864173311,9.181838011503471,0,1,0,1,0,0,0,1,1,0,1,0,0,0,1,Y
360.0,1.0,5.236441962829949,8.82981174915805,0,1,0,1,0,0,0,1,1,0,1,0,0,1,0,Y
360.0,1.0,4.875197323201151,8.401108712395436,0,1,1,0,1,0,0,0,1,0,1,0,1,0,0,Y
480.0,0.0,4.91362938638163,7.724004656676065,1,0,0,1,1,0,0,0,1,0,1,0,0,1,0,N
360.0,1.0,4.7535901911063645,8.268988209506656,0,1,0,1,0,1,0,0,1,0,1,0,0,0,1,Y
180.0,1.0,3.912023005428146,7.8961806086154915,0,1,0,1,0,0,1,0,0,1,1,0,1,0,0,Y
360.0,1.0,4.672828834461906,8.406485069431817,0,1,1,0,1,0,0,0,1,0,1,0,0,1,0,Y
360.0,1.0,5.298317366548036,8.456168489578463,1,0,0,1,1,0,0,0,1,0,1,0,0,1,0,Y
360.0,0.0,4.77912349311153,8.118505067587098,0,1,1,0,1,0,0,0,1,0,1,0,0,0,1,N
360.0,1.0,4.787491742782046,8.414717399827001,0,1,0,1,0,0,0,1,1,0,1,0,1,0,0,Y
360.0,1.0,4.941642422609304,8.411832675758411,0,1,0,1,1,0,0,0,1,0,1,0,0,1,0,Y
360.0,1.0,5.10594547390058,8.67812085552252,0,1,0,1,1,0,0,0,0,1,1,0,0,0,1,Y
360.0,1.0,4.68213122712422,8.464214266625351,1,0,1,0,1,0,0,0,1,0,0,1,0,1,0,Y
360.0,1.0,4.532599493153256,8.31434234336979,0,1,0,1,1,0,0,0,1,0,1,0,0,1,0,Y
360.0,1.0,4.624972813284271,8.136518252115291,1,0,1,0,1,0,0,0,1,0,1,0,0,0,1,Y
360.0,1.0,4.804021044733257,8.75115798136203,1,0,0,1,0,0,1,0,1,0,1,0,0,1,0,Y
360.0,1.0,5.075173815233827,9.096163326913784,0,1,0,1,1,0,0,0,1,0,1,0,1,0,0,Y
360.0,1.0,5.056245805348308,9.031931152002144,0,1,1,0,0,0,0,1,1,0,1,0,0,1,0,Y
360.0,1.0,5.19295685089021,7.473069088032197,1,0,1,0,1,0,0,0,0,1,1,0,0,1,0,Y
360.0,0.0,4.382026634673881,8.392989587956931,0,1,0,1,0,1,0,0,1,0,1,0,1,0,0,N
360.0,0.0,4.6443908991413725,8.395703293828527,1,0,1,0,1,0,0,0,1,0,1,0,0,0,1,N
360.0,0.0,5.3612921657094255,8.350902451694811,0,1,0,1,0,0,1,0,1,0,1,0,1,0,0,N
360.0,1.0,4.174387269895637,8.047189562170502,0,1,1,0,1,0,0,0,1,0,1,0,0,0,1,Y
360.0,1.0,4.983606621708336,8.721928343047091,0,1,0,1,1,0,0,0,1,0,1,0,1,0,0,Y
360.0,1.0,4.90527477843843,8.499029220788566,0,1,0,1,0,0,0,1,1,0,1,0,0,0,1,Y
360.0,0.0,5.231108616854587,9.0953783535065,0,1,1,0,1,0,0,0,1,0,1,0,1,0,0,N
360.0,0.0,5.703782474656201,9.433483923290392,1,0,1,0,1,0,0,0,1,0,1,0,0,0,1,N
360.0,1.0,4.787491742782046,8.448271745949816,0,1,1,0,1,0,0,0,1,0,1,0,0,1,0,Y
360.0,0.0,4.2626798770413155,8.779557455883728,0,1,1,0,1,0,0,0,1,0,1,0,0,0,1,N
360.0,1.0,5.41610040220442,8.922658299524402,0,1,0,1,0,0,1,0,1,0,1,0,0,0,1,Y
180.0,1.0,4.248495242049359,8.030409562130485,0,1,1,0,1,0,0,0,1,0,1,0,0,0,1,Y
360.0,1.0,4.248495242049359,8.595819511871428,0,1,0,1,0,1,0,0,0,1,1,0,0,1,0,Y
360.0,1.0,4.820281565605037,8.434463543817241,0,1,0,1,1,0,0,0,1,0,1,0,0,0,1,Y
360.0,1.0,4.882801922586371,8.128880142125638,0,1,1,0,1,0,0,0,1,0,1,0,1,0,0,Y
360.0,1.0,4.653960350157523,8.48879371689454,0,1,0,1,0,1,0,0,1,0,0,1,1,0,0,Y
360.0,1.0,4.499809670330265,8.194229304819817,1,0,1,0,0,1,0,0,1,0,1,0,0,0,1,Y
84.0,1.0,4.418840607796598,8.294049640102028,0,1,1,0,1,0,0,0,1,0,1,0,0,0,1,Y
360.0,1.0,4.8283137373023015,8.356554845453426,0,1,0,1,1,0,0,0,1,0,1,0,0,0,1,Y
360.0,1.0,4.990432586778736,8.411832675758411,0,1,0,1,0,0,1,0,1,0,1,0,1,0,0,Y
360.0,1.0,4.787491742782046,8.504918160540624,0,1,0,1,0,1,0,0,1,0,1,0,1,0,0,Y
360.0,1.0,4.700480365792417,8.430109084509125,0,1,1,0,1,0,0,0,1,0,1,0,0,1,0,Y
360.0,1.0,4.634728988229636,8.314587291319576,1,0,1,0,0,0,0,1,1,0,1,0,0,1,0,Y
360.0,0.0,5.0106352940962555,8.461046030793236,0,1,1,0,1,0,0,0,1,0,1,0,1,0,0,N
240.0,1.0,4.605170185988092,8.714074899541522,0,1,0,1,0,0,0,1,1,0,1,0,1,0,0,Y
360.0,0.0,4.9344739331306915,8.898638793680181,0,1,0,1,0,0,0,1,0,1,1,0,0,0,1,N
360.0,1.0,6.309918278226516,10.373491181781864,0,1,0,1,1,0,0,0,1,0,0,1,0,1,0,Y
12.0,1.0,5.560681631015528,9.295600215927006,0,1,0,1,0,0,1,0,1,0,0,1,1,0,0,Y
300.0,1.0,5.0106352940962555,9.46815584482167,1,0,1,0,1,0,0,0,1,0,1,0,0,0,1,Y
360.0,1.0,4.499809670330265,8.09437844497296,0,1,1,0,1,0,0,0,0,1,1,0,0,1,0,Y
360.0,0.0,5.293304824724492,9.071423072789514,0,1,1,0,1,0,0,0,0,1,0,1,1,0,0,N
360.0,1.0,4.9344739331306915,8.605020901781758,0,1,0,1,0,1,0,0,1,0,1,0,0,1,0,Y
360.0,1.0,5.0106352940962555,8.68270762989381,0,1,1,0,1,0,0,0,1,0,1,0,0,0,1,Y
360.0,1.0,5.19295685089021,8.906528917594517,0,1,1,0,1,0,0,0,1,0,1,0,0,0,1,Y
360.0,1.0,4.727387818712341,8.352082671352637,0,1,0,1,1,0,0,0,1,0,1,0,0,0,1,Y
360.0,1.0,4.997212273764115,8.517193191416238,0,1,1,0,1,0,0,0,1,0,1,0,1,0,0,Y
360.0,0.0,4.762173934797756,8.481151420068972,0,1,0,1,0,1,0,0,0,1,1,0,0,0,1,N
360.0,1.0,4.276666119016055,8.487764380725425,0,1,0,1,0,0,1,0,1,0,1,0,1,0,0,Y
300.0,1.0,4.8283137373023015,8.312135107648412,0,1,1,0,1,0,0,0,0,1,0,1,0,1,0,Y
360.0,1.0,5.365976015021851,9.046879822823147,0,1,0,1,0,0,1,0,1,0,0,1,0,0,1,Y
350.0,1.0,4.890349128221754,8.798454696065095,0,1,0,1,1,0,0,0,1,0,1,0,1,0,0,Y
360.0,1.0,5.231108616854587,9.03025631012242,0,1,1,0,0,1,0,0,1,0,1,0,0,1,0,Y
360.0,1.0,4.962844630259907,8.973984926689743,0,1,0,1,1,0,0,0,0,1,1,0,1,0,0,Y
360.0,1.0,5.342334251964811,9.036701015565063,0,1,1,0,1,0,0,0,1,0,1,0,1,0,0,Y
360.0,0.0,4.430816798843313,7.994294986415977,0,1,1,0,1,0,0,0,1,0,1,0,0,1,0,N
360.0,1.0,4.7535901911063645,8.62748154531036,0,1,1,0,1,0,0,0,1,0,1,0,0,0,1,Y
360.0,1.0,4.174387269895637,7.903965634032166,1,0,1,0,1,0,0,0,1,0,1,0,1,0,0,Y
240.0,1.0,4.382026634673881,8.62155320674048,0,1,1,0,0,1,0,0,1,0,1,0,1,0,0,Y
360.0,0.0,5.135798437050262,7.7266536648476425,0,1,1,0,1,0,0,0,0,1,1,0,0,1,0,N
360.0,0.0,4.787491742782046,8.057694194815587,0,1,1,0,0,0,1,0,0,1,1,0,0,0,1,N
360.0,1.0,4.90527477843843,8.733755131364893,0,1,0,1,1,0,0,0,1,0,1,0,0,0,1,Y
360.0,0.0,4.543294782270004,8.452121194672523,1,0,0,1,0,0,0,1,1,0,1,0,0,1,0,N
360.0,1.0,4.3694478524670215,8.1786387885907,1,0,0,1,0,1,0,0,1,0,1,0,1,0,0,Y
360.0,1.0,4.700480365792417,8.28349412616251,1,0,1,0,1,0,0,0,1,0,1,0,1,0,0,Y
360.0,1.0,4.867534450455582,8.40804774415544,0,1,0,1,0,0,1,0,0,1,1,0,1,0,0,Y
360.0,1.0,4.962844630259907,8.561210076833012,0,1,0,1,1,0,0,0,1,0,1,0,1,0,0,Y
180.0,0.0,5.0689042022202315,8.676246121270838,0,1,1,0,1,0,0,0,1,0,1,0,0,0,1,N
360.0,0.0,4.700480365792417,8.35490952835879,0,1,0,1,1,0,0,0,0,1,1,0,1,0,0,N
360.0,1.0,5.075173815233827,9.161780181360806,0,1,0,1,0,0,1,0,1,0,1,0,1,0,0,Y
360.0,1.0,4.875197323201151,8.671286726753637,0,1,0,1,0,0,1,0,0,1,1,0,0,0,1,Y
360.0,1.0,4.174387269895637,7.978653729082731,1,0,1,0,1,0,0,0,1,0,1,0,1,0,0,Y
360.0,1.0,4.962844630259907,8.542470998600505,0,1,0,1,0,0,1,0,1,0,1,0,1,0,0,Y
360.0,1.0,5.231108616854587,9.636392113692736,0,1,0,1,0,0,0,1,1,0,1,0,0,0,1,Y
360.0,1.0,5.075173815233827,8.793308627496552,0,1,0,1,0,0,1,0,1,0,1,0,0,1,0,Y
360.0,1.0,5.10594547390058,8.892748769118258,0,1,0,1,1,0,0,0,1,0,1,0,0,1,0,Y
360.0,1.0,4.700480365792417,8.379768515504566,0,1,0,1,0,0,1,0,1,0,1,0,0,0,1,Y
360.0,1.0,5.153291594497779,8.976767625171433,1,0,0,1,0,1,0,0,1,0,1,0,1,0,0,Y
360.0,1.0,5.0106352940962555,9.29798488182823,0,1,0,1,0,0,0,1,1,0,1,0,0,0,1,Y
360.0,1.0,4.90527477843843,8.40804774415544,0,1,0,1,1,0,0,0,0,1,1,0,0,1,0,Y
360.0,1.0,5.0106352940962555,8.649098262296176,0,1,0,1,0,0,1,0,0,1,1,0,0,1,0,Y
360.0,1.0,5.459585514144159,9.123365357961776,0,1,0,1,0,0,1,0,1,0,1,0,0,1,0,Y
360.0,1.0,4.91362938638163,9.479068956510876,0,1,0,1,1,0,0,0,0,1,1,0,1,0,0,Y
360.0,1.0,5.817111159963204,9.379323364330956,0,1,0,1,0,0,1,0,1,0,1,0,1,0,0,Y
84.0,1.0,4.882801922586371,8.374015421739909,1,0,0,1,0,1,0,0,1,0,1,0,1,0,0,Y
360.0,1.0,4.564348191467836,8.314587291319576,0,1,1,0,1,0,0,0,1,0,1,0,0,0,1,Y
360.0,0.0,5.19295685089021,8.80941494391005,0,1,0,1,0,0,1,0,0,1,1,0,1,0,0,N
360.0,0.0,4.852030263919617,8.445052513638554,0,1,0,1,0,0,0,1,0,1,1,0,1,0,0,N
360.0,1.0,6.021023349349527,9.448569560708433,0,1,0,1,0,1,0,0,1,0,1,0,0,1,0,Y
360.0,1.0,4.7535901911063645,8.671286726753637,0,1,1,0,1,0,0,0,1,0,0,1,0,0,1,Y
360.0,0.0,4.736198448394496,8.475537516147405,0,1,0,1,0,1,0,0,1,0,1,0,0,1,0,N
360.0,1.0,4.74493212836325,8.1886891244442,0,1,0,1,1,0,0,0,0,1,1,0,1,0,0,Y
360.0,0.0,4.6443908991413725,8.083328608786376,0,1,0,1,0,0,1,0,1,0,1,0,0,0,1,N
360.0,1.0,4.477336814478207,8.114324709155339,0,1,0,1,1,0,0,0,1,0,0,1,1,0,0,Y
480.0,1.0,4.68213122712422,9.071767722112243,0,1,0,1,1,0,0,0,1,0,0,1,1,0,0,Y
360.0,1.0,4.499809670330265,8.130647968160584,0,1,0,1,0,0,0,1,0,1,1,0,0,0,1,Y
360.0,1.0,4.605170185988092,8.370084326378025,0,1,0,1,1,0,0,0,1,0,1,0,0,0,1,Y
360.0,1.0,4.68213122712422,8.618485442898109,1,0,0,1,1,0,0,0,1,0,1,0,0,1,0,Y
360.0,1.0,4.356708826689592,8.035602692918582,1,0,1,0,1,0,0,0,1,0,1,0,0,1,0,Y
360.0,1.0,4.812184355372417,8.523175263093785,0,1,0,1,1,0,0,0,1,0,1,0,0,1,0,Y
360.0,1.0,5.231108616854587,8.930626469173578,0,1,0,1,0,1,0,0,1,0,1,0,0,1,0,Y
360.0,1.0,4.983606621708336,8.332548939252638,0,1,0,1,0,1,0,0,1,0,1,0,0,1,0,Y
360.0,1.0,4.382026634673881,8.345930261979017,1,0,1,0,1,0,0,0,1,0,1,0,0,0,1,Y
360.0,1.0,4.605170185988092,8.71028982137815,0,1,1,0,0,1,0,0,0,1,1,0,1,0,0,Y
360.0,1.0,4.007333185232471,7.767263996757308,1,0,1,0,1,0,0,0,1,0,1,0,0,0,1,Y
360.0,0.0,5.298317366548036,8.953252164609035,0,1,1,0,1,0,0,0,1,0,1,0,1,0,0,N
360.0,1.0,5.0106352940962555,8.591186871324563,0,1,0,1,0,0,0,1,1,0,0,1,0,1,0,Y
360.0,1.0,5.0106352940962555,8.649623978596727,0,1,1,0,1,0,0,0,1,0,1,0,1,0,0,Y
360.0,1.0,4.770684624465665,8.91905180393029,0,1,0,1,1,0,0,0,0,1,1,0,1,0,0,Y
300.0,1.0,5.0106352940962555,8.52595469708481,0,1,0,1,1,0,0,0,0,1,1,0,0,0,1,Y
36.0,1.0,4.770684624465665,8.557374981049069,0,1,0,1,1,0,0,0,0,1,1,0,0,1,0,Y
360.0,1.0,5.356586274672012,9.211639527707803,0,1,0,1,1,0,0,0,1,0,1,0,1,0,0,Y
360.0,1.0,5.356586274672012,8.803123730829212,0,1,0,1,0,1,0,0,1,0,0,1,1,0,0,Y
360.0,1.0,4.8283137373023015,8.680331928793418,0,1,0,1,0,1,0,0,1,0,1,0,0,0,1,Y
360.0,1.0,4.68213122712422,8.37378460812088,0,1,0,1,1,0,0,0,1,0,1,0,0,0,1,Y
360.0,1.0,5.003946305945459,8.64259160081057,0,1,0,1,1,0,0,0,0,1,1,0,1,0,0,Y
480.0,1.0,4.382026634673881,7.971085753505607,0,1,0,1,0,0,1,0,0,1,1,0,0,0,1,Y
300.0,1.0,5.0238805208462765,8.529516941105069,1,0,1,0,0,1,0,0,1,0,1,0,1,0,0,Y
360.0,0.0,5.231108616854587,8.55333223803211,1,0,1,0,0,0,1,0,1,0,0,1,0,1,0,N
360.0,1.0,4.30406509320417,7.841885928984623,1,0,1,0,1,0,0,0,1,0,1,0,0,0,1,Y
360.0,1.0,4.624972813284271,8.371242135931933,0,1,0,1,1,0,0,0,1,0,1,0,0,0,1,Y
360.0,1.0,4.605170185988092,8.888066854754783,0,1,0,1,0,1,0,0,1,0,1,0,1,0,0,Y
360.0,1.0,4.867534450455582,8.550047528287184,0,1,1,0,1,0,0,0,1,0,1,0,1,0,0,Y
360.0,0.0,4.8283137373023015,8.55256033525353,0,1,0,1,0,0,0,1,0,1,1,0,0,0,1,N
360.0,1.0,4.867534450455582,10.289362010879287,0,1,1,0,1,0,0,0,1,0,1,0,0,1,0,Y
360.0,1.0,4.927253685157205,8.673855001429615,0,1,1,0,1,0,0,0,1,0,0,1,0,0,1,Y
180.0,1.0,3.332204510175204,7.925518979786926,0,1,0,1,1,0,0,0,1,0,1,0,1,0,0,Y
360.0,1.0,4.5217885770490405,8.935903526274423,1,0,1,0,0,1,0,0,1,0,1,0,0,1,0,Y
360.0,1.0,4.6443908991413725,8.280204233279974,1,0,0,1,1,0,0,0,1,0,1,0,0,0,1,Y
360.0,0.0,5.170483995038151,8.518192691749322,0,1,1,0,1,0,0,0,1,0,1,0,0,0,1,N
360.0,0.0,4.762173934797756,8.920656296853728,1,0,1,0,1,0,0,0,1,0,1,0,0,1,0,N
360.0,1.0,4.624972813284271,9.910909938351766,0,1,0,1,0,0,1,0,0,1,1,0,1,0,0,Y
360.0,1.0,4.672828834461906,8.195057690895077,0,1,0,1,0,0,1,0,0,1,1,0,0,1,0,Y
480.0,1.0,4.189654742026425,8.374015421739909,0,1,1,0,1,0,0,0,1,0,1,0,0,0,1,N
360.0,1.0,4.653960350157523,8.254268770090183,0,1,1,0,1,0,0,0,0,1,1,0,0,0,1,Y
360.0,0.0,4.653960350157523,8.59489469908009,0,1,0,1,1,0,0,0,1,0,1,0,0,1,0,N
360.0,1.0,4.653960350157523,8.37516869138682,0,1,0,1,1,0,0,0,1,0,1,0,0,1,0,Y
360.0,0.0,4.8283137373023015,8.353025845202325,0,1,0,1,1,0,0,0,1,0,1,0,1,0,0,N
360.0,1.0,4.1588830833596715,7.653020413804189,1,0,1,0,1,0,0,0,0,1,1,0,0,1,0,Y
180.0,0.0,5.0106352940962555,8.753213480544126,0,1,0,1,1,0,0,0,1,0,1,0,0,1,0,N
360.0,1.0,5.0106352940962555,8.8771028978649,0,1,0,1,0,0,1,0,1,0,0,1,0,0,1,Y
360.0,1.0,4.91362938638163,9.210340371976184,0,1,0,1,1,0,0,0,1,0,1,0,0,0,1,Y
360.0,1.0,4.1588830833596715,8.279697133877628,0,1,0,1,1,0,0,0,0,1,0,1,0,1,0,Y
180.0,1.0,3.6888794541139363,7.981049759665957,0,1,1,0,1,0,0,0,1,0,1,0,1,0,0,Y
480.0,0.0,4.955827057601261,8.210396255104774,0,1,0,1,0,0,0,1,1,0,1,0,0,0,1,N
300.0,1.0,4.248495242049359,8.259199362666282,0,1,0,1,1,0,0,0,1,0,1,0,0,1,0,Y
360.0,1.0,4.875197323201151,8.301025253838453,1,0,1,0,0,1,0,0,1,0,1,0,0,1,0,Y
360.0,1.0,4.787491742782046,8.524168805152662,0,1,0,1,0,0,1,0,1,0,1,0,0,0,1,Y
360.0,1.0,4.736198448394496,8.576216531865699,1,0,0,1,0,1,0,0,1,0,1,0,0,0,1,Y
360.0,0.0,4.812184355372417,7.957877358489813,0,1,1,0,1,0,0,0,1,0,1,0,1,0,0,N
360.0,1.0,4.5217885770490405,8.251403065380556,1,0,0,1,1,0,0,0,1,0,1,0,1,0,0,Y
360.0,1.0,5.075173815233827,8.938662873666118,0,1,0,1,1,0,0,0,1,0,1,0,0,0,1,Y
360.0,1.0,5.017279836814924,8.814627555310697,0,1,0,1,1,0,0,0,1,0,1,0,1,0,0,Y
360.0,1.0,4.394449154672439,8.769196271411001,1,0,1,0,0,1,0,0,1,0,1,0,1,0,0,Y
360.0,1.0,5.14166355650266,8.596189197642735,0,1,0,1,0,0,0,1,0,1,1,0,0,1,0,Y
360.0,1.0,4.700480365792417,8.418918622147897,0,1,0,1,1,0,0,0,1,0,1,0,0,1,0,Y
360.0,1.0,4.605170185988092,8.332067707289548,0,1,1,0,1,0,0,0,1,0,1,0,1,0,0,Y
360.0,1.0,5.455321115357702,9.843737548130354,0,1,0,1,0,1,0,0,1,0,1,0,1,0,0,Y
360.0,1.0,5.214935757608986,8.32239411311117,0,1,0,1,0,0,1,0,1,0,1,0,1,0,0,Y
360.0,1.0,4.927253685157205,8.837390855544697,0,1,1,0,1,0,0,0,1,0,1,0,0,1,0,Y
480.0,0.0,4.718498871295094,8.563122123304638,1,0,0,1,0,1,0,0,0,1,1,0,0,0,1,N
360.0,1.0,4.762173934797756,8.913146539151807,1,0,1,0,0,1,0,0,0,1,1,0,1,0,0,N
360.0,0.0,3.8918202981106265,8.792245847467877,0,1,0,1,0,0,1,0,1,0,1,0,1,0,0,N
360.0,1.0,4.59511985013459,8.162801353492073,0,1,1,0,1,0,0,0,1,0,1,0,1,0,0,Y
360.0,1.0,4.59511985013459,8.313607139317558,1,0,0,1,0,0,0,1,0,1,1,0,0,0,1,Y
360.0,1.0,5.356586274672012,8.888618807300878,1,0,1,0,1,0,0,0,1,0,0,1,1,0,0,Y
360.0,1.0,5.480638923341991,10.118477957093951,0,1,1,0,0,1,0,0,1,0,1,0,0,1,0,Y
360.0,0.0,4.867534450455582,8.717190933223135,0,1,0,1,0,0,1,0,1,0,1,0,0,1,0,N
360.0,0.0,4.543294782270004,8.160518247477505,1,0,1,0,1,0,0,0,1,0,1,0,0,1,0,N
360.0,1.0,4.68213122712422,8.35936910622267,0,1,0,1,0,0,0,1,1,0,1,0,0,1,0,Y
360.0,1.0,4.969813299576001,8.779557455883728,0,1,0,1,1,0,0,0,1,0,1,0,0,0,1,Y
180.0,1.0,4.700480365792417,8.660254034256889,1,0,1,0,1,0,0,0,1,0,1,0,0,1,0,Y
360.0,0.0,5.170483995038151,8.421562960400987,0,1,0,1,0,0,0,1,0,1,1,0,0,1,0,N
360.0,1.0,5.220355825078324,10.280793212183719,0,1,1,0,1,0,0,0,1,0,1,0,0,1,0,Y
360.0,1.0,4.804021044733257,8.348301054933943,0,1,1,0,1,0,0,0,1,0,1,0,0,1,0,Y
360.0,1.0,4.836281906951478,8.517193191416238,0,1,0,1,1,0,0,0,1,0,1,0,1,0,0,Y
360.0,1.0,4.90527477843843,8.61794309451638,1,0,1,0,1,0,0,0,1,0,1,0,0,0,1,Y
360.0,1.0,4.804021044733257,9.104979856318357,0,1,1,0,1,0,0,0,0,1,1,0,1,0,0,Y
360.0,1.0,6.131226489483141,9.983499490505512,1,0,0,1,0,0,1,0,1,0,1,0,0,0,1,Y
360.0,1.0,5.6937321388027,9.07680897935166,0,1,0,1,0,1,0,0,1,0,1,0,0,0,1,Y
360.0,1.0,4.941642422609304,8.494333897270154,0,1,0,1,1,0,0,0,0,1,1,0,1,0,0,Y
360.0,1.0,4.663439094112067,8.751316246773456,0,1,1,0,1,0,0,0,1,0,1,0,1,0,0,Y
360.0,1.0,4.948759890378168,8.513787398281405,0,1,1,0,1,0,0,0,1,0,1,0,0,0,1,Y
360.0,1.0,4.91362938638163,9.420033875565988,0,1,0,1,0,1,0,0,1,0,1,0,0,0,1,Y
360.0,1.0,5.135798437050262,8.64241515616962,0,1,0,1,1,0,0,0,1,0,1,0,0,1,0,Y
360.0,1.0,4.976733742420574,8.699348067653093,0,1,0,1,0,0,1,0,1,0,1,0,0,0,1,Y
360.0,1.0,4.499809670330265,8.092851027538384,0,1,1,0,1,0,0,0,0,1,1,0,1,0,0,Y
360.0,0.0,4.477336814478207,8.352554369474591,1,0,0,1,1,0,0,0,1,0,1,0,0,0,1,N
360.0,1.0,4.852030263919617,8.379539026117442,0,1,0,1,0,1,0,0,0,1,1,0,0,0,1,Y
480.0,1.0,4.430816798843313,7.888334500738654,1,0,0,1,1,0,0,0,1,0,1,0,0,1,0,Y
360.0,1.0,4.68213122712422,8.776167099731275,0,1,1,0,1,0,0,0,1,0,1,0,0,1,0,Y
360.0,1.0,4.418840607796598,8.244859395911256,0,1,1,0,1,0,0,0,0,1,1,0,1,0,0,Y
360.0,1.0,4.762173934797756,8.22389538017882,1,0,0,1,0,0,1,0,0,1,1,0,0,1,0,Y
360.0,1.0,4.852030263919617,8.323608442343572,0,1,0,1,0,0,1,0,1,0,1,0,1,0,0,Y
360.0,1.0,4.31748811353631,8.922658299524402,0,1,0,1,0,1,0,0,1,0,0,1,0,0,1,Y
360.0,0.0,4.8283137373023015,8.748304912379623,0,1,0,1,0,1,0,0,1,0,1,0,0,0,1,N
360.0,1.0,5.176149732573829,9.614938437644996,1,0,1,0,1,0,0,0,1,0,0,1,1,0,0,Y
360.0,1.0,4.219507705176107,7.899153483343097,0,1,0,1,0,1,0,0,0,1,0,1,1,0,0,Y
360.0,1.0,4.564348191467836,8.101677747454572,0,1,0,1,1,0,0,0,1,0,1,0,0,1,0,Y
360.0,1.0,5.19295685089021,8.246958032568177,0,1,1,0,0,0,1,0,0,1,1,0,0,1,0,Y
360.0,1.0,5.209486152841421,8.922658299524402,0,1,0,1,0,0,1,0,1,0,0,1,1,0,0,Y
360.0,1.0,4.795790545596741,8.258163361537619,0,1,0,1,0,0,1,0,0,1,1,0,1,0,0,Y
360.0,1.0,5.087596335232384,8.82834762005316,0,1,0,1,0,1,0,0,1,0,1,0,1,0,0,Y
360.0,1.0,4.882801922586371,9.036938912556787,0,1,0,1,1,0,0,0,1,0,1,0,0,1,0,Y
360.0,1.0,4.990432586778736,8.57810012631976,0,1,1,0,1,0,0,0,1,0,1,0,0,0,1,Y
360.0,0.0,5.030437921392435,8.940891067785461,1,0,1,0,0,0,0,1,1,0,1,0,1,0,0,N
84.0,1.0,4.6443908991413725,8.336630087637147,0,1,1,0,1,0,0,0,1,0,1,0,0,0,1,Y
360.0,1.0,5.003946305945459,8.517193191416238,0,1,0,1,0,0,1,0,1,0,1,0,1,0,0,Y
300.0,1.0,4.897839799950911,8.23403420769204,1,0,1,0,1,0,0,0,1,0,1,0,0,0,1,Y
180.0,1.0,5.10594547390058,9.075436609511382,1,0,0,1,1,0,0,0,1,0,1,0,0,1,0,Y
360.0,1.0,4.787491742782046,8.36240897761537,1,0,0,1,1,0,0,0,1,0,1,0,1,0,0,Y
360.0,0.0,4.204692619390966,8.433811582477187,0,1,0,1,1,0,0,0,0,1,1,0,0,0,1,N
360.0,1.0,4.8283137373023015,8.469682208745185,0,1,1,0,1,0,0,0,0,1,1,0,1,0,0,Y
360.0,1.0,4.787491742782046,8.669227347271736,0,1,1,0,1,0,0,0,1,0,1,0,0,0,1,Y
360.0,1.0,4.997212273764115,8.344980368770571,0,1,0,1,0,1,0,0,1,0,1,0,1,0,0,Y
360.0,1.0,5.198497031265826,8.134174272137903,1,0,0,1,1,0,0,0,0,1,1,0,0,0,1,Y
120.0,1.0,4.382026634673881,8.131530710604252,0,1,0,1,0,0,0,1,1,0,1,0,0,0,1,Y
360.0,1.0,3.6888794541139363,9.95227771670556,0,1,1,0,0,1,0,0,1,0,1,0,0,1,0,Y
360.0,1.0,4.499809670330265,8.581669210600602,0,1,0,1,1,0,0,0,1,0,1,0,1,0,0,Y
6.0,0.0,4.553876891600541,8.57376254290413,0,1,1,0,1,0,0,0,1,0,1,0,0,1,0,N
360.0,1.0,4.804021044733257,8.076515327552329,0,1,0,1,0,1,0,0,0,1,1,0,0,1,0,Y
360.0,1.0,5.0106352940962555,8.655388690167637,0,1,0,1,0,0,1,0,1,0,1,0,0,0,1,Y
360.0,1.0,5.0106352940962555,9.032289682032873,0,1,0,1,0,0,0,1,1,0,0,1,1,0,0,Y
360.0,1.0,4.6443908991413725,8.54830418644129,0,1,0,1,0,1,0,0,1,0,1,0,0,1,0,Y
360.0,1.0,4.962844630259907,8.614138397472717,0,1,0,1,1,0,0,0,1,0,1,0,1,0,0,Y
360.0,1.0,5.703782474656201,9.179778066393542,0,1,0,1,0,0,0,1,1,0,1,0,0,0,1,Y
360.0,1.0,5.14166355650266,8.754318540250866,1,0,0,1,0,1,0,0,0,1,1,0,0,0,1,Y
360.0,1.0,4.727387818712341,8.457230850243555,1,0,0,1,1,0,0,0,1,0,1,0,0,1,0,Y
360.0,1.0,3.5553480614894135,8.151044945685024,0,1,0,1,1,0,0,0,1,0,1,0,0,1,0,Y
360.0,1.0,3.828641396489095,7.783224016336037,0,1,1,0,0,0,1,0,1,0,1,0,0,0,1,Y
360.0,1.0,4.976733742420574,8.520188700396035,1,0,1,0,1,0,0,0,0,1,1,0,0,0,1,Y
360.0,1.0,4.77912349311153,8.25582842728183,0,1,0,1,1,0,0,0,1,0,1,0,0,0,1,Y
240.0,1.0,4.465908118654584,8.65084957622891,0,1,0,1,0,1,0,0,1,0,0,1,1,0,0,Y
360.0,0.0,5.087596335232384,8.804775258867686,1,0,1,0,1,0,0,0,1,0,1,0,1,0,0,N
180.0,1.0,4.804021044733257,8.916506080039204,0,1,0,1,1,0,0,0,1,0,0,1,0,1,0,Y
360.0,1.0,5.231108616854587,9.017604776833355,0,1,1,0,1,0,0,0,1,0,0,1,1,0,0,Y
180.0,1.0,4.394449154672439,8.166784289056151,0,1,0,1,0,0,0,1,0,1,1,0,1,0,0,Y
360.0,1.0,4.382026634673881,8.45531778769815,0,1,0,1,0,1,0,0,1,0,1,0,0,0,1,Y
360.0,1.0,5.170483995038151,8.833171133022866,0,1,1,0,1,0,0,0,1,0,1,0,1,0,0,Y
360.0,1.0,5.560681631015528,9.0280988119824,0,1,0,1,0,0,0,1,1,0,1,0,0,0,1,Y
360.0,0.0,4.890349128221754,8.58615939588096,0,1,0,1,1,0,0,0,1,0,1,0,1,0,0,N
360.0,1.0,4.248495242049359,7.961370201719511,0,1,1,0,1,0,0,0,0,1,1,0,0,0,1,Y
360.0,1.0,4.90527477843843,8.47595444339964,0,1,0,1,0,0,1,0,0,1,1,0,0,0,1,Y
300.0,1.0,4.919980925828125,7.935945103353701,0,1,0,1,1,0,0,0,1,0,0,1,1,0,0,Y
360.0,1.0,5.537334267018537,9.067277989134345,0,1,0,1,0,0,1,0,1,0,1,0,1,0,0,Y
360.0,1.0,4.663439094112067,9.757478638400492,0,1,1,0,1,0,0,0,1,0,1,0,1,0,0,Y
360.0,1.0,4.6913478822291435,8.813884558025606,0,1,0,1,1,0,0,0,1,0,1,0,0,0,1,Y
360.0,1.0,4.787491742782046,9.092457331319466,0,1,0,1,1,0,0,0,1,0,1,0,1,0,0,Y
180.0,0.0,5.062595033026967,8.613048677059759,0,1,0,1,0,0,0,1,0,1,1,0,0,1,0,N
360.0,1.0,5.2832037287379885,9.084323531392696,0,1,0,1,0,0,0,1,1,0,1,0,0,0,1,Y
360.0,1.0,4.442651256490317,8.652947112393857,0,1,0,1,0,1,0,0,1,0,1,0,0,0,1,Y
360.0,1.0,4.0943445622221,7.824046010856292,0,1,1,0,1,0,0,0,1,0,1,0,0,0,1,Y
360.0,1.0,4.330733340286331,8.049427057110695,0,1,0,1,0,0,1,0,0,1,1,0,1,0,0,Y
360.0,1.0,5.0238805208462765,8.80492526261806,0,1,1,0,1,0,0,0,1,0,1,0,0,1,0,Y
360.0,1.0,4.564348191467836,9.457590998633625,1,0,0,1,1,0,0,0,1,0,1,0,0,0,1,Y
360.0,1.0,4.59511985013459,8.397508348470257,0,1,0,1,0,1,0,0,1,0,1,0,0,1,0,Y
360.0,1.0,4.727387818712341,8.66319648553608,0,1,0,1,0,0,0,1,0,1,0,1,0,0,1,Y
360.0,1.0,4.74493212836325,8.490233009833455,0,1,0,1,1,0,0,0,1,0,1,0,0,0,1,Y
360.0,1.0,4.836281906951478,8.564649132572534,0,1,1,0,1,0,0,0,1,0,1,0,0,1,0,Y
360.0,1.0,5.062595033026967,8.9082888855571,0,1,0,1,1,0,0,0,1,0,1,0,1,0,0,Y
180.0,1.0,4.584967478670572,9.126958763037132,0,1,1,0,1,0,0,0,1,0,0,1,1,0,0,Y
